<?xml version="1.0" encoding="UTF-8"?>
<project-private xmlns="http://www.netbeans.org/ns/project-private/1">
    <editor-bookmarks xmlns="http://www.netbeans.org/ns/editor-bookmarks/2" lastBookmarkId="0"/>
    <open-files xmlns="http://www.netbeans.org/ns/projectui-open-files/2">
        <group>
            <file>file:/Users/varunjain/Desktop/GUI/src/swing/serialization.java</file>
            <file>file:/Users/varunjain/Desktop/GUI/src/swing/change.java</file>
            <file>file:/Users/varunjain/Desktop/GUI/src/swing/deserialization.java</file>
            <file>file:/Users/varunjain/Desktop/GUI/src/swing/addNew.java</file>
            <file>file:/Users/varunjain/Desktop/GUI/src/swing/Animal.java</file>
            <file>file:/Users/varunjain/Desktop/GUI/src/swing/Home.java</file>
            <file>file:/Users/varunjain/Desktop/GUI/src/swing/responder.java</file>
        </group>
    </open-files>
</project-private>
